date,fang,sox,sp500,orkan,tracers,nasdaq100
2026-07-07,94387,50162,44920,38532,,28715
2026-07-08,,,,,,
2026-07-09,,,,,,
2026-07-10,94813,49021,44704,38161,,28354
2026-07-11,95596,50396,44958,38334,,28744
2026-07-12,95596,50396,44958,38334,,28744
2026-07-13,95596,50396,44958,38334,,28744
2026-07-14,95905,50420,45148,38432,,28836
2026-07-15,95179,48073,44848,38197,,28330
2026-07-16,96252,49245,44970,38335,,28612
2026-07-17,97340,48235,45158,38526,,28539
2026-07-20,95884,46250,45008,38338,,28128
2026-07-21,95884,46250,45008,38338,,28128
2026-07-22,94556,45777,44479,37913,,27726
2026-07-23,95920,48358,45055,38413,,28374
2026-07-24,94864,48544,44970,38412,,28206
2026-07-27,93562,48545,44669,38243,,27829
2026-07-28,92689,46388,44607,38160,,27456
2026-07-29,93227,45389,44650,38183,,27390
2026-07-30,92422,43318,44708,38091,,27100
2026-07-31,90759,40968,43982,37626,,26514
2026-08-03,91805,43564,43950,37521,,26936
2026-08-04,90492,42266,42902,36824,,26267
2026-08-05,94037,43158,43994,37510,,27013
2026-08-06,98254,46027,44821,38095,,27936
2026-08-07,97877,45449,44813,38227,,27746
2026-08-11,99524,46820,45066,38395,,28000
2026-08-12,99524,46820,45066,38395,,28000
2026-08-13,99640,46249,45301,38676,,28064
2026-08-14,99084,47403,45424,38798,,28272
2026-08-17,101036,47626,45727,39019,,28601
2026-08-18,99867,47383,45565,38927,,28510
2026-08-19,99265,48282,45443,38868,,28532
2026-08-20,97888,45856,45111,38525,,28040
2026-08-21,97884,44617,44940,38358,,27811
2026-08-24,97970,45041,44740,38381,,27728
2026-08-25,98161,44719,44843,38527,,27764
2026-08-26,97668,43629,44836,38471,,27566
2026-08-27,98212,44232,44953,38605,,27725
2026-08-28,98519,44333,44958,38629,,27748
2026-08-31,100206,45431,45344,38842,,28182
2026-09-01,101309,44023,45408,38905,,28094
2026-09-02,100727,44214,45197,38753,,28078
2026-09-03,100057,43406,45017,38584,,27801
2026-09-04,99198,43170,44779,38285,,27590
2026-09-07,99147,42401,44392,37945,,27381
2026-09-08,98318,43906,44308,38002,,27489
2026-09-09,96924,43284,43680,37531,,27099
2026-09-10,96011,43846,43426,37358,,27065
2026-09-11,96107,44002,43215,37174,,26985
2026-09-14,95930,43096,43223,37123,,26855
2026-09-15,96194,43590,43314,37072,,26925
2026-09-16,97131,41314,43398,37081,,26884
2026-09-17,96722,41672,43410,37058,,26836
2026-09-18,97042,42171,43454,37161,,26989
2026-09-21,98718,43513,43966,37532,16416,27467
2026-09-22,98718,43513,43966,37532,16416,27467
2026-09-23,98718,43513,43966,37532,16416,27467
2026-09-24,98718,43513,43966,37532,16416,27467
2026-09-25,102144,47517,44842,38188,16833,28723
2026-09-28,103184,47589,45049,38325,16941,28871
2026-09-29,102589,47953,44991,38230,16949,28808
2026-09-30,100889,47087,44556,37865,16775,28441
2026-10-01,101157,47674,44450,37791,16693,28479
2026-10-02,101581,47858,44514,37855,16833,28656
2026-10-05,101613,48677,44658,37827,16826,28780
2026-10-06,101935,49727,44884,38026,16995,29002
